grad_norm,loss,loss_cal,loss_cal_q0,loss_cal_q1,loss_cal_q2,loss_cal_q3,loss_diff,loss_diff_q0,loss_diff_q1,loss_diff_q2,loss_diff_q3,loss_q0,loss_q1,loss_q2,loss_q3,param_norm,samples,step,vb,vb_q0,vb_q1,vb_q2,vb_q3
6.990597149446412,1.0279818773269653,0.17902067303657532,0.12796540558338165,0.16251379251480103,0.18975646048784256,0.1905433088541031,1.000381350517273,0.991566002368927,0.995295524597168,0.9952042400836945,1.0064451396465302,1.1339410543441772,1.0028735399246216,1.0045148730278015,1.0195026695728302,206.0675848968402,8,0,0.02760055661201477,0.14237509667873383,0.007578033022582531,0.009310599882155657,0.013057528296485543
